<?xml version="1.0" encoding="UTF-8"?>
<config xmlns="http://www.knime.org/2008/09/XMLConfig" xmlns:xsi="http://www.w3.org/2001/XMLSchema-instance" xsi:schemaLocation="http://www.knime.org/2008/09/XMLConfig http://www.knime.org/XMLConfig_2008_09.xsd" key="filestore">
<config key="filestore_keys">
<config key="filestore_key_0">
<entry key="storeUUID" type="xstring" value="76413f3c-3e9d-4ab9-b396-8f10a548aab7"/>
<entry key="index" type="xint" value="0"/>
<entry key="name" type="xstring" value="d2414914-e27a-4685-b48e-9807bd1b5a95"/>
<entry key="iterationIndex" type="xint" value="-1"/>
</config>
</config>
</config>
