<?xml version="1.0" encoding="UTF-8"?>
<config xmlns="http://www.knime.org/2008/09/XMLConfig" xmlns:xsi="http://www.w3.org/2001/XMLSchema-instance" xsi:schemaLocation="http://www.knime.org/2008/09/XMLConfig http://www.knime.org/XMLConfig_2008_09.xsd" key="viewRepresentation">
<entry key="showLegend" type="xboolean" value="true"/>
<entry key="autoRange" type="xboolean" value="true"/>
<entry key="useDomainInformation" type="xboolean" value="false"/>
<entry key="showGrid" type="xboolean" value="true"/>
<entry key="showCrosshair" type="xboolean" value="false"/>
<entry key="snapToPoints" type="xboolean" value="false"/>
<entry key="resizeToWindow" type="xboolean" value="true"/>
<entry key="enableViewConfiguration" type="xboolean" value="true"/>
<entry key="enableTitleChange" type="xboolean" value="true"/>
<entry key="enableSubtitleChange" type="xboolean" value="true"/>
<entry key="enableXColumnChange" type="xboolean" value="true"/>
<entry key="enableYColumnChange" type="xboolean" value="true"/>
<entry key="enableXAxisLabelEdit" type="xboolean" value="true"/>
<entry key="enableYAxisLabelEdit" type="xboolean" value="true"/>
<entry key="enableDotSizeChange" type="xboolean" value="false"/>
<entry key="enablePanning" type="xboolean" value="true"/>
<entry key="enableZooming" type="xboolean" value="true"/>
<entry key="enableDragZooming" type="xboolean" value="false"/>
<entry key="showZoomResetButton" type="xboolean" value="false"/>
<entry key="enableSelection" type="xboolean" value="false"/>
<entry key="enableRectangleSelection" type="xboolean" value="false"/>
<entry key="enableLassoSelection" type="xboolean" value="false"/>
<entry key="imageWidth" type="xint" value="800"/>
<entry key="imageHeight" type="xint" value="600"/>
<entry key="backgroundColor" type="xstring" value="rgba(255,255,255,1.0)"/>
<entry key="dataAreaColor" type="xstring" value="rgba(255,255,255,1.0)"/>
<entry key="gridColor" type="xstring" value="rgba(230,230,230,1.0)"/>
<entry key="hasDataset" type="xboolean" value="true"/>
<config key="dataset">
<entry key="tableID" type="xstring" value="0ef83886-30ff-48ed-b52e-68d15ae744b7"/>
<config key="columnKeys">
<entry key="array-size" type="xint" value="5"/>
<entry key="0" type="xstring" value="조사일자"/>
<entry key="1" type="xstring" value="표준품목명"/>
<entry key="2" type="xstring" value="표준품종명"/>
<entry key="3" type="xstring" value="Mean(당일조사가격)"/>
<entry key="4" type="xstring" value="Mean(전일조사가격)"/>
</config>
<config key="symbols_0">
<entry key="index" type="xint" value="1"/>
<entry key="numSymbols" type="xint" value="1"/>
<config key="symbol_0">
<entry key="key" type="xstring" value="0"/>
<entry key="value" type="xstring" value="돈육"/>
</config>
</config>
<config key="symbols_1">
<entry key="index" type="xint" value="2"/>
<entry key="numSymbols" type="xint" value="1"/>
<config key="symbol_0">
<entry key="key" type="xstring" value="0"/>
<entry key="value" type="xstring" value="갈비"/>
</config>
</config>
<config key="columnColors">
<entry key="array-size" type="xint" value="5"/>
<entry key="0" type="xstring" isnull="true" value=""/>
<entry key="1" type="xstring" isnull="true" value=""/>
<entry key="2" type="xstring" isnull="true" value=""/>
<entry key="3" type="xstring" isnull="true" value=""/>
<entry key="4" type="xstring" isnull="true" value=""/>
</config>
<config key="dateTimeFormats">
<entry key="array-size" type="xint" value="5"/>
<entry key="0" type="xstring" value="Local Date"/>
<entry key="1" type="xstring" isnull="true" value=""/>
<entry key="2" type="xstring" isnull="true" value=""/>
<entry key="3" type="xstring" isnull="true" value=""/>
<entry key="4" type="xstring" isnull="true" value=""/>
</config>
<entry key="colPropsSize" type="xint" value="2"/>
<entry key="numRows" type="xint" value="49"/>
<config key="row_0">
<entry key="rowKey" type="xstring" value="Row0"/>
<config key="values">
<entry key="array-size" type="xint" value="5"/>
<entry key="0" type="xstring" value="1.5989184E12"/>
<entry key="1" type="xstring" value="0.0"/>
<entry key="2" type="xstring" value="0.0"/>
<entry key="3" type="xstring" value="1179.3750000000005"/>
<entry key="4" type="xstring" value="1182.5000000000005"/>
</config>
<entry key="numProperties" type="xint" value="1"/>
<config key="property_0">
<entry key="key" type="xstring" value="color"/>
<entry key="value" type="xstring" value="#404040"/>
</config>
</config>
<config key="row_1">
<entry key="rowKey" type="xstring" value="Row5"/>
<config key="values">
<entry key="array-size" type="xint" value="5"/>
<entry key="0" type="xstring" value="1.5990048E12"/>
<entry key="1" type="xstring" value="0.0"/>
<entry key="2" type="xstring" value="0.0"/>
<entry key="3" type="xstring" value="1181.2121212121217"/>
<entry key="4" type="xstring" value="1182.7272727272727"/>
</config>
<entry key="numProperties" type="xint" value="1"/>
<config key="property_0">
<entry key="key" type="xstring" value="color"/>
<entry key="value" type="xstring" value="#404040"/>
</config>
</config>
<config key="row_2">
<entry key="rowKey" type="xstring" value="Row10"/>
<config key="values">
<entry key="array-size" type="xint" value="5"/>
<entry key="0" type="xstring" value="1.5990912E12"/>
<entry key="1" type="xstring" value="0.0"/>
<entry key="2" type="xstring" value="0.0"/>
<entry key="3" type="xstring" value="1186.1290322580646"/>
<entry key="4" type="xstring" value="1177.741935483871"/>
</config>
<entry key="numProperties" type="xint" value="1"/>
<config key="property_0">
<entry key="key" type="xstring" value="color"/>
<entry key="value" type="xstring" value="#404040"/>
</config>
</config>
<config key="row_3">
<entry key="rowKey" type="xstring" value="Row15"/>
<config key="values">
<entry key="array-size" type="xint" value="5"/>
<entry key="0" type="xstring" value="1.5991776E12"/>
<entry key="1" type="xstring" value="0.0"/>
<entry key="2" type="xstring" value="0.0"/>
<entry key="3" type="xstring" value="1192.2580645161293"/>
<entry key="4" type="xstring" value="1186.1290322580646"/>
</config>
<entry key="numProperties" type="xint" value="1"/>
<config key="property_0">
<entry key="key" type="xstring" value="color"/>
<entry key="value" type="xstring" value="#404040"/>
</config>
</config>
<config key="row_4">
<entry key="rowKey" type="xstring" value="Row20"/>
<config key="values">
<entry key="array-size" type="xint" value="5"/>
<entry key="0" type="xstring" value="1.5994368E12"/>
<entry key="1" type="xstring" value="0.0"/>
<entry key="2" type="xstring" value="0.0"/>
<entry key="3" type="xstring" value="1200.0000000000002"/>
<entry key="4" type="xstring" value="1195.4838709677417"/>
</config>
<entry key="numProperties" type="xint" value="1"/>
<config key="property_0">
<entry key="key" type="xstring" value="color"/>
<entry key="value" type="xstring" value="#404040"/>
</config>
</config>
<config key="row_5">
<entry key="rowKey" type="xstring" value="Row25"/>
<config key="values">
<entry key="array-size" type="xint" value="5"/>
<entry key="0" type="xstring" value="1.5995232E12"/>
<entry key="1" type="xstring" value="0.0"/>
<entry key="2" type="xstring" value="0.0"/>
<entry key="3" type="xstring" value="1197.0967741935485"/>
<entry key="4" type="xstring" value="1200.0000000000002"/>
</config>
<entry key="numProperties" type="xint" value="1"/>
<config key="property_0">
<entry key="key" type="xstring" value="color"/>
<entry key="value" type="xstring" value="#404040"/>
</config>
</config>
<config key="row_6">
<entry key="rowKey" type="xstring" value="Row30"/>
<config key="values">
<entry key="array-size" type="xint" value="5"/>
<entry key="0" type="xstring" value="1.5996096E12"/>
<entry key="1" type="xstring" value="0.0"/>
<entry key="2" type="xstring" value="0.0"/>
<entry key="3" type="xstring" value="1199.6875000000002"/>
<entry key="4" type="xstring" value="1199.6875000000002"/>
</config>
<entry key="numProperties" type="xint" value="1"/>
<config key="property_0">
<entry key="key" type="xstring" value="color"/>
<entry key="value" type="xstring" value="#404040"/>
</config>
</config>
<config key="row_7">
<entry key="rowKey" type="xstring" value="Row35"/>
<config key="values">
<entry key="array-size" type="xint" value="5"/>
<entry key="0" type="xstring" value="1.599696E12"/>
<entry key="1" type="xstring" value="0.0"/>
<entry key="2" type="xstring" value="0.0"/>
<entry key="3" type="xstring" value="1222.1875000000007"/>
<entry key="4" type="xstring" value="1199.6875000000002"/>
</config>
<entry key="numProperties" type="xint" value="1"/>
<config key="property_0">
<entry key="key" type="xstring" value="color"/>
<entry key="value" type="xstring" value="#404040"/>
</config>
</config>
<config key="row_8">
<entry key="rowKey" type="xstring" value="Row40"/>
<config key="values">
<entry key="array-size" type="xint" value="5"/>
<entry key="0" type="xstring" value="1.5997824E12"/>
<entry key="1" type="xstring" value="0.0"/>
<entry key="2" type="xstring" value="0.0"/>
<entry key="3" type="xstring" value="1231.5625000000005"/>
<entry key="4" type="xstring" value="1222.1875000000007"/>
</config>
<entry key="numProperties" type="xint" value="1"/>
<config key="property_0">
<entry key="key" type="xstring" value="color"/>
<entry key="value" type="xstring" value="#404040"/>
</config>
</config>
<config key="row_9">
<entry key="rowKey" type="xstring" value="Row45"/>
<config key="values">
<entry key="array-size" type="xint" value="5"/>
<entry key="0" type="xstring" value="1.6000416E12"/>
<entry key="1" type="xstring" value="0.0"/>
<entry key="2" type="xstring" value="0.0"/>
<entry key="3" type="xstring" value="1233.75"/>
<entry key="4" type="xstring" value="1231.5625000000005"/>
</config>
<entry key="numProperties" type="xint" value="1"/>
<config key="property_0">
<entry key="key" type="xstring" value="color"/>
<entry key="value" type="xstring" value="#404040"/>
</config>
</config>
<config key="row_10">
<entry key="rowKey" type="xstring" value="Row50"/>
<config key="values">
<entry key="array-size" type="xint" value="5"/>
<entry key="0" type="xstring" value="1.600128E12"/>
<entry key="1" type="xstring" value="0.0"/>
<entry key="2" type="xstring" value="0.0"/>
<entry key="3" type="xstring" value="1233.75"/>
<entry key="4" type="xstring" value="1233.75"/>
</config>
<entry key="numProperties" type="xint" value="1"/>
<config key="property_0">
<entry key="key" type="xstring" value="color"/>
<entry key="value" type="xstring" value="#404040"/>
</config>
</config>
<config key="row_11">
<entry key="rowKey" type="xstring" value="Row55"/>
<config key="values">
<entry key="array-size" type="xint" value="5"/>
<entry key="0" type="xstring" value="1.6002144E12"/>
<entry key="1" type="xstring" value="0.0"/>
<entry key="2" type="xstring" value="0.0"/>
<entry key="3" type="xstring" value="1239.9999999999998"/>
<entry key="4" type="xstring" value="1233.75"/>
</config>
<entry key="numProperties" type="xint" value="1"/>
<config key="property_0">
<entry key="key" type="xstring" value="color"/>
<entry key="value" type="xstring" value="#404040"/>
</config>
</config>
<config key="row_12">
<entry key="rowKey" type="xstring" value="Row60"/>
<config key="values">
<entry key="array-size" type="xint" value="5"/>
<entry key="0" type="xstring" value="1.6003008E12"/>
<entry key="1" type="xstring" value="0.0"/>
<entry key="2" type="xstring" value="0.0"/>
<entry key="3" type="xstring" value="1271.25"/>
<entry key="4" type="xstring" value="1239.9999999999998"/>
</config>
<entry key="numProperties" type="xint" value="1"/>
<config key="property_0">
<entry key="key" type="xstring" value="color"/>
<entry key="value" type="xstring" value="#404040"/>
</config>
</config>
<config key="row_13">
<entry key="rowKey" type="xstring" value="Row65"/>
<config key="values">
<entry key="array-size" type="xint" value="5"/>
<entry key="0" type="xstring" value="1.6003872E12"/>
<entry key="1" type="xstring" value="0.0"/>
<entry key="2" type="xstring" value="0.0"/>
<entry key="3" type="xstring" value="1271.25"/>
<entry key="4" type="xstring" value="1271.25"/>
</config>
<entry key="numProperties" type="xint" value="1"/>
<config key="property_0">
<entry key="key" type="xstring" value="color"/>
<entry key="value" type="xstring" value="#404040"/>
</config>
</config>
<config key="row_14">
<entry key="rowKey" type="xstring" value="Row70"/>
<config key="values">
<entry key="array-size" type="xint" value="5"/>
<entry key="0" type="xstring" value="1.6006464E12"/>
<entry key="1" type="xstring" value="0.0"/>
<entry key="2" type="xstring" value="0.0"/>
<entry key="3" type="xstring" value="1273.4375"/>
<entry key="4" type="xstring" value="1271.25"/>
</config>
<entry key="numProperties" type="xint" value="1"/>
<config key="property_0">
<entry key="key" type="xstring" value="color"/>
<entry key="value" type="xstring" value="#404040"/>
</config>
</config>
<config key="row_15">
<entry key="rowKey" type="xstring" value="Row75"/>
<config key="values">
<entry key="array-size" type="xint" value="5"/>
<entry key="0" type="xstring" value="1.6007328E12"/>
<entry key="1" type="xstring" value="0.0"/>
<entry key="2" type="xstring" value="0.0"/>
<entry key="3" type="xstring" value="1272.8125000000002"/>
<entry key="4" type="xstring" value="1273.4375"/>
</config>
<entry key="numProperties" type="xint" value="1"/>
<config key="property_0">
<entry key="key" type="xstring" value="color"/>
<entry key="value" type="xstring" value="#404040"/>
</config>
</config>
<config key="row_16">
<entry key="rowKey" type="xstring" value="Row80"/>
<config key="values">
<entry key="array-size" type="xint" value="5"/>
<entry key="0" type="xstring" value="1.6008192E12"/>
<entry key="1" type="xstring" value="0.0"/>
<entry key="2" type="xstring" value="0.0"/>
<entry key="3" type="xstring" value="1282.1875000000002"/>
<entry key="4" type="xstring" value="1272.8125000000002"/>
</config>
<entry key="numProperties" type="xint" value="1"/>
<config key="property_0">
<entry key="key" type="xstring" value="color"/>
<entry key="value" type="xstring" value="#404040"/>
</config>
</config>
<config key="row_17">
<entry key="rowKey" type="xstring" value="Row85"/>
<config key="values">
<entry key="array-size" type="xint" value="5"/>
<entry key="0" type="xstring" value="1.6009056E12"/>
<entry key="1" type="xstring" value="0.0"/>
<entry key="2" type="xstring" value="0.0"/>
<entry key="3" type="xstring" value="1288.4848484848487"/>
<entry key="4" type="xstring" value="1291.5151515151515"/>
</config>
<entry key="numProperties" type="xint" value="1"/>
<config key="property_0">
<entry key="key" type="xstring" value="color"/>
<entry key="value" type="xstring" value="#404040"/>
</config>
</config>
<config key="row_18">
<entry key="rowKey" type="xstring" value="Row90"/>
<config key="values">
<entry key="array-size" type="xint" value="5"/>
<entry key="0" type="xstring" value="1.600992E12"/>
<entry key="1" type="xstring" value="0.0"/>
<entry key="2" type="xstring" value="0.0"/>
<entry key="3" type="xstring" value="1323.4210526315792"/>
<entry key="4" type="xstring" value="1327.6315789473688"/>
</config>
<entry key="numProperties" type="xint" value="1"/>
<config key="property_0">
<entry key="key" type="xstring" value="color"/>
<entry key="value" type="xstring" value="#404040"/>
</config>
</config>
<config key="row_19">
<entry key="rowKey" type="xstring" value="Row95"/>
<config key="values">
<entry key="array-size" type="xint" value="5"/>
<entry key="0" type="xstring" value="1.6012512E12"/>
<entry key="1" type="xstring" value="0.0"/>
<entry key="2" type="xstring" value="0.0"/>
<entry key="3" type="xstring" value="1331.0256410256407"/>
<entry key="4" type="xstring" value="1330.0"/>
</config>
<entry key="numProperties" type="xint" value="1"/>
<config key="property_0">
<entry key="key" type="xstring" value="color"/>
<entry key="value" type="xstring" value="#404040"/>
</config>
</config>
<config key="row_20">
<entry key="rowKey" type="xstring" value="Row100"/>
<config key="values">
<entry key="array-size" type="xint" value="5"/>
<entry key="0" type="xstring" value="1.6013376E12"/>
<entry key="1" type="xstring" value="0.0"/>
<entry key="2" type="xstring" value="0.0"/>
<entry key="3" type="xstring" value="1334.0"/>
<entry key="4" type="xstring" value="1337.2499999999998"/>
</config>
<entry key="numProperties" type="xint" value="1"/>
<config key="property_0">
<entry key="key" type="xstring" value="color"/>
<entry key="value" type="xstring" value="#404040"/>
</config>
</config>
<config key="row_21">
<entry key="rowKey" type="xstring" value="Row105"/>
<config key="values">
<entry key="array-size" type="xint" value="5"/>
<entry key="0" type="xstring" value="1.601856E12"/>
<entry key="1" type="xstring" value="0.0"/>
<entry key="2" type="xstring" value="0.0"/>
<entry key="3" type="xstring" value="1315.7142857142856"/>
<entry key="4" type="xstring" value="1306.8571428571431"/>
</config>
<entry key="numProperties" type="xint" value="1"/>
<config key="property_0">
<entry key="key" type="xstring" value="color"/>
<entry key="value" type="xstring" value="#404040"/>
</config>
</config>
<config key="row_22">
<entry key="rowKey" type="xstring" value="Row110"/>
<config key="values">
<entry key="array-size" type="xint" value="5"/>
<entry key="0" type="xstring" value="1.6019424E12"/>
<entry key="1" type="xstring" value="0.0"/>
<entry key="2" type="xstring" value="0.0"/>
<entry key="3" type="xstring" value="1296.1764705882356"/>
<entry key="4" type="xstring" value="1307.9411764705883"/>
</config>
<entry key="numProperties" type="xint" value="1"/>
<config key="property_0">
<entry key="key" type="xstring" value="color"/>
<entry key="value" type="xstring" value="#404040"/>
</config>
</config>
<config key="row_23">
<entry key="rowKey" type="xstring" value="Row115"/>
<config key="values">
<entry key="array-size" type="xint" value="5"/>
<entry key="0" type="xstring" value="1.6020288E12"/>
<entry key="1" type="xstring" value="0.0"/>
<entry key="2" type="xstring" value="0.0"/>
<entry key="3" type="xstring" value="1281.8918918918914"/>
<entry key="4" type="xstring" value="1306.216216216216"/>
</config>
<entry key="numProperties" type="xint" value="1"/>
<config key="property_0">
<entry key="key" type="xstring" value="color"/>
<entry key="value" type="xstring" value="#404040"/>
</config>
</config>
<config key="row_24">
<entry key="rowKey" type="xstring" value="Row120"/>
<config key="values">
<entry key="array-size" type="xint" value="5"/>
<entry key="0" type="xstring" value="1.6024608E12"/>
<entry key="1" type="xstring" value="0.0"/>
<entry key="2" type="xstring" value="0.0"/>
<entry key="3" type="xstring" value="1244.8387096774193"/>
<entry key="4" type="xstring" value="1225.483870967742"/>
</config>
<entry key="numProperties" type="xint" value="1"/>
<config key="property_0">
<entry key="key" type="xstring" value="color"/>
<entry key="value" type="xstring" value="#404040"/>
</config>
</config>
<config key="row_25">
<entry key="rowKey" type="xstring" value="Row125"/>
<config key="values">
<entry key="array-size" type="xint" value="5"/>
<entry key="0" type="xstring" value="1.6026336E12"/>
<entry key="1" type="xstring" value="0.0"/>
<entry key="2" type="xstring" value="0.0"/>
<entry key="3" type="xstring" value="1240.0000000000005"/>
<entry key="4" type="xstring" value="1258.7500000000002"/>
</config>
<entry key="numProperties" type="xint" value="1"/>
<config key="property_0">
<entry key="key" type="xstring" value="color"/>
<entry key="value" type="xstring" value="#404040"/>
</config>
</config>
<config key="row_26">
<entry key="rowKey" type="xstring" value="Row130"/>
<config key="values">
<entry key="array-size" type="xint" value="5"/>
<entry key="0" type="xstring" value="1.6028064E12"/>
<entry key="1" type="xstring" value="0.0"/>
<entry key="2" type="xstring" value="0.0"/>
<entry key="3" type="xstring" value="1057.4999999999998"/>
<entry key="4" type="xstring" value="1061.9444444444443"/>
</config>
<entry key="numProperties" type="xint" value="1"/>
<config key="property_0">
<entry key="key" type="xstring" value="color"/>
<entry key="value" type="xstring" value="#404040"/>
</config>
</config>
<config key="row_27">
<entry key="rowKey" type="xstring" value="Row135"/>
<config key="values">
<entry key="array-size" type="xint" value="5"/>
<entry key="0" type="xstring" value="1.6030656E12"/>
<entry key="1" type="xstring" value="0.0"/>
<entry key="2" type="xstring" value="0.0"/>
<entry key="3" type="xstring" value="1057.4999999999998"/>
<entry key="4" type="xstring" value="1057.4999999999998"/>
</config>
<entry key="numProperties" type="xint" value="1"/>
<config key="property_0">
<entry key="key" type="xstring" value="color"/>
<entry key="value" type="xstring" value="#404040"/>
</config>
</config>
<config key="row_28">
<entry key="rowKey" type="xstring" value="Row140"/>
<config key="values">
<entry key="array-size" type="xint" value="5"/>
<entry key="0" type="xstring" value="1.603152E12"/>
<entry key="1" type="xstring" value="0.0"/>
<entry key="2" type="xstring" value="0.0"/>
<entry key="3" type="xstring" value="1068.3783783783788"/>
<entry key="4" type="xstring" value="1052.9729729729734"/>
</config>
<entry key="numProperties" type="xint" value="1"/>
<config key="property_0">
<entry key="key" type="xstring" value="color"/>
<entry key="value" type="xstring" value="#404040"/>
</config>
</config>
<config key="row_29">
<entry key="rowKey" type="xstring" value="Row145"/>
<config key="values">
<entry key="array-size" type="xint" value="5"/>
<entry key="0" type="xstring" value="1.6032384E12"/>
<entry key="1" type="xstring" value="0.0"/>
<entry key="2" type="xstring" value="0.0"/>
<entry key="3" type="xstring" value="1076.9444444444441"/>
<entry key="4" type="xstring" value="1073.3333333333337"/>
</config>
<entry key="numProperties" type="xint" value="1"/>
<config key="property_0">
<entry key="key" type="xstring" value="color"/>
<entry key="value" type="xstring" value="#404040"/>
</config>
</config>
<config key="row_30">
<entry key="rowKey" type="xstring" value="Row150"/>
<config key="values">
<entry key="array-size" type="xint" value="5"/>
<entry key="0" type="xstring" value="1.6034112E12"/>
<entry key="1" type="xstring" value="0.0"/>
<entry key="2" type="xstring" value="0.0"/>
<entry key="3" type="xstring" value="1165.7575757575762"/>
<entry key="4" type="xstring" value="1163.0303030303032"/>
</config>
<entry key="numProperties" type="xint" value="1"/>
<config key="property_0">
<entry key="key" type="xstring" value="color"/>
<entry key="value" type="xstring" value="#404040"/>
</config>
</config>
<config key="row_31">
<entry key="rowKey" type="xstring" value="Row155"/>
<config key="values">
<entry key="array-size" type="xint" value="5"/>
<entry key="0" type="xstring" value="1.6036704E12"/>
<entry key="1" type="xstring" value="0.0"/>
<entry key="2" type="xstring" value="0.0"/>
<entry key="3" type="xstring" value="1171.5625"/>
<entry key="4" type="xstring" value="1174.6875000000002"/>
</config>
<entry key="numProperties" type="xint" value="1"/>
<config key="property_0">
<entry key="key" type="xstring" value="color"/>
<entry key="value" type="xstring" value="#404040"/>
</config>
</config>
<config key="row_32">
<entry key="rowKey" type="xstring" value="Row160"/>
<config key="values">
<entry key="array-size" type="xint" value="5"/>
<entry key="0" type="xstring" value="1.6037568E12"/>
<entry key="1" type="xstring" value="0.0"/>
<entry key="2" type="xstring" value="0.0"/>
<entry key="3" type="xstring" value="1168.4375000000002"/>
<entry key="4" type="xstring" value="1171.5625"/>
</config>
<entry key="numProperties" type="xint" value="1"/>
<config key="property_0">
<entry key="key" type="xstring" value="color"/>
<entry key="value" type="xstring" value="#404040"/>
</config>
</config>
<config key="row_33">
<entry key="rowKey" type="xstring" value="Row165"/>
<config key="values">
<entry key="array-size" type="xint" value="5"/>
<entry key="0" type="xstring" value="1.6038432E12"/>
<entry key="1" type="xstring" value="0.0"/>
<entry key="2" type="xstring" value="0.0"/>
<entry key="3" type="xstring" value="1168.4375000000002"/>
<entry key="4" type="xstring" value="1168.4375000000002"/>
</config>
<entry key="numProperties" type="xint" value="1"/>
<config key="property_0">
<entry key="key" type="xstring" value="color"/>
<entry key="value" type="xstring" value="#404040"/>
</config>
</config>
<config key="row_34">
<entry key="rowKey" type="xstring" value="Row170"/>
<config key="values">
<entry key="array-size" type="xint" value="5"/>
<entry key="0" type="xstring" value="1.604016E12"/>
<entry key="1" type="xstring" value="0.0"/>
<entry key="2" type="xstring" value="0.0"/>
<entry key="3" type="xstring" value="1123.636363636364"/>
<entry key="4" type="xstring" value="1141.5151515151517"/>
</config>
<entry key="numProperties" type="xint" value="1"/>
<config key="property_0">
<entry key="key" type="xstring" value="color"/>
<entry key="value" type="xstring" value="#404040"/>
</config>
</config>
<config key="row_35">
<entry key="rowKey" type="xstring" value="Row175"/>
<config key="values">
<entry key="array-size" type="xint" value="5"/>
<entry key="0" type="xstring" value="1.6042752E12"/>
<entry key="1" type="xstring" value="0.0"/>
<entry key="2" type="xstring" value="0.0"/>
<entry key="3" type="xstring" value="1114.8484848484854"/>
<entry key="4" type="xstring" value="1120.9090909090917"/>
</config>
<entry key="numProperties" type="xint" value="1"/>
<config key="property_0">
<entry key="key" type="xstring" value="color"/>
<entry key="value" type="xstring" value="#404040"/>
</config>
</config>
<config key="row_36">
<entry key="rowKey" type="xstring" value="Row180"/>
<config key="values">
<entry key="array-size" type="xint" value="5"/>
<entry key="0" type="xstring" value="1.6043616E12"/>
<entry key="1" type="xstring" value="0.0"/>
<entry key="2" type="xstring" value="0.0"/>
<entry key="3" type="xstring" value="1122.8124999999995"/>
<entry key="4" type="xstring" value="1115.6249999999995"/>
</config>
<entry key="numProperties" type="xint" value="1"/>
<config key="property_0">
<entry key="key" type="xstring" value="color"/>
<entry key="value" type="xstring" value="#404040"/>
</config>
</config>
<config key="row_37">
<entry key="rowKey" type="xstring" value="Row185"/>
<config key="values">
<entry key="array-size" type="xint" value="5"/>
<entry key="0" type="xstring" value="1.604448E12"/>
<entry key="1" type="xstring" value="0.0"/>
<entry key="2" type="xstring" value="0.0"/>
<entry key="3" type="xstring" value="1123.4374999999995"/>
<entry key="4" type="xstring" value="1122.8124999999995"/>
</config>
<entry key="numProperties" type="xint" value="1"/>
<config key="property_0">
<entry key="key" type="xstring" value="color"/>
<entry key="value" type="xstring" value="#404040"/>
</config>
</config>
<config key="row_38">
<entry key="rowKey" type="xstring" value="Row190"/>
<config key="values">
<entry key="array-size" type="xint" value="5"/>
<entry key="0" type="xstring" value="1.6046208E12"/>
<entry key="1" type="xstring" value="0.0"/>
<entry key="2" type="xstring" value="0.0"/>
<entry key="3" type="xstring" value="1024.3243243243244"/>
<entry key="4" type="xstring" value="1021.8918918918919"/>
</config>
<entry key="numProperties" type="xint" value="1"/>
<config key="property_0">
<entry key="key" type="xstring" value="color"/>
<entry key="value" type="xstring" value="#404040"/>
</config>
</config>
<config key="row_39">
<entry key="rowKey" type="xstring" value="Row195"/>
<config key="values">
<entry key="array-size" type="xint" value="5"/>
<entry key="0" type="xstring" value="1.60488E12"/>
<entry key="1" type="xstring" value="0.0"/>
<entry key="2" type="xstring" value="0.0"/>
<entry key="3" type="xstring" value="1018.9473684210528"/>
<entry key="4" type="xstring" value="1017.8947368421053"/>
</config>
<entry key="numProperties" type="xint" value="1"/>
<config key="property_0">
<entry key="key" type="xstring" value="color"/>
<entry key="value" type="xstring" value="#404040"/>
</config>
</config>
<config key="row_40">
<entry key="rowKey" type="xstring" value="Row200"/>
<config key="values">
<entry key="array-size" type="xint" value="5"/>
<entry key="0" type="xstring" value="1.6049664E12"/>
<entry key="1" type="xstring" value="0.0"/>
<entry key="2" type="xstring" value="0.0"/>
<entry key="3" type="xstring" value="1019.2105263157894"/>
<entry key="4" type="xstring" value="1019.2105263157894"/>
</config>
<entry key="numProperties" type="xint" value="1"/>
<config key="property_0">
<entry key="key" type="xstring" value="color"/>
<entry key="value" type="xstring" value="#404040"/>
</config>
</config>
<config key="row_41">
<entry key="rowKey" type="xstring" value="Row205"/>
<config key="values">
<entry key="array-size" type="xint" value="5"/>
<entry key="0" type="xstring" value="1.6050528E12"/>
<entry key="1" type="xstring" value="0.0"/>
<entry key="2" type="xstring" value="0.0"/>
<entry key="3" type="xstring" value="1019.2105263157894"/>
<entry key="4" type="xstring" value="1019.2105263157894"/>
</config>
<entry key="numProperties" type="xint" value="1"/>
<config key="property_0">
<entry key="key" type="xstring" value="color"/>
<entry key="value" type="xstring" value="#404040"/>
</config>
</config>
<config key="row_42">
<entry key="rowKey" type="xstring" value="Row210"/>
<config key="values">
<entry key="array-size" type="xint" value="5"/>
<entry key="0" type="xstring" value="1.6052256E12"/>
<entry key="1" type="xstring" value="0.0"/>
<entry key="2" type="xstring" value="0.0"/>
<entry key="3" type="xstring" value="1153.4375000000002"/>
<entry key="4" type="xstring" value="1137.8125"/>
</config>
<entry key="numProperties" type="xint" value="1"/>
<config key="property_0">
<entry key="key" type="xstring" value="color"/>
<entry key="value" type="xstring" value="#404040"/>
</config>
</config>
<config key="row_43">
<entry key="rowKey" type="xstring" value="Row215"/>
<config key="values">
<entry key="array-size" type="xint" value="5"/>
<entry key="0" type="xstring" value="1.6056576E12"/>
<entry key="1" type="xstring" value="0.0"/>
<entry key="2" type="xstring" value="0.0"/>
<entry key="3" type="xstring" value="1168.0"/>
<entry key="4" type="xstring" value="1168.0"/>
</config>
<entry key="numProperties" type="xint" value="1"/>
<config key="property_0">
<entry key="key" type="xstring" value="color"/>
<entry key="value" type="xstring" value="#404040"/>
</config>
</config>
<config key="row_44">
<entry key="rowKey" type="xstring" value="Row220"/>
<config key="values">
<entry key="array-size" type="xint" value="5"/>
<entry key="0" type="xstring" value="1.6058304E12"/>
<entry key="1" type="xstring" value="0.0"/>
<entry key="2" type="xstring" value="0.0"/>
<entry key="3" type="xstring" value="1117.5757575757577"/>
<entry key="4" type="xstring" value="1132.727272727273"/>
</config>
<entry key="numProperties" type="xint" value="1"/>
<config key="property_0">
<entry key="key" type="xstring" value="color"/>
<entry key="value" type="xstring" value="#404040"/>
</config>
</config>
<config key="row_45">
<entry key="rowKey" type="xstring" value="Row225"/>
<config key="values">
<entry key="array-size" type="xint" value="5"/>
<entry key="0" type="xstring" value="1.6060896E12"/>
<entry key="1" type="xstring" value="0.0"/>
<entry key="2" type="xstring" value="0.0"/>
<entry key="3" type="xstring" value="1143.4375000000002"/>
<entry key="4" type="xstring" value="1127.8125"/>
</config>
<entry key="numProperties" type="xint" value="1"/>
<config key="property_0">
<entry key="key" type="xstring" value="color"/>
<entry key="value" type="xstring" value="#404040"/>
</config>
</config>
<config key="row_46">
<entry key="rowKey" type="xstring" value="Row230"/>
<config key="values">
<entry key="array-size" type="xint" value="5"/>
<entry key="0" type="xstring" value="1.6062624E12"/>
<entry key="1" type="xstring" value="0.0"/>
<entry key="2" type="xstring" value="0.0"/>
<entry key="3" type="xstring" value="1143.4375000000002"/>
<entry key="4" type="xstring" value="1143.4375000000002"/>
</config>
<entry key="numProperties" type="xint" value="1"/>
<config key="property_0">
<entry key="key" type="xstring" value="color"/>
<entry key="value" type="xstring" value="#404040"/>
</config>
</config>
<config key="row_47">
<entry key="rowKey" type="xstring" value="Row235"/>
<config key="values">
<entry key="array-size" type="xint" value="5"/>
<entry key="0" type="xstring" value="1.6064352E12"/>
<entry key="1" type="xstring" value="0.0"/>
<entry key="2" type="xstring" value="0.0"/>
<entry key="3" type="xstring" value="1148.6666666666665"/>
<entry key="4" type="xstring" value="1148.6666666666665"/>
</config>
<entry key="numProperties" type="xint" value="1"/>
<config key="property_0">
<entry key="key" type="xstring" value="color"/>
<entry key="value" type="xstring" value="#404040"/>
</config>
</config>
<config key="row_48">
<entry key="rowKey" type="xstring" value="Row240"/>
<config key="values">
<entry key="array-size" type="xint" value="5"/>
<entry key="0" type="xstring" value="1.6066944E12"/>
<entry key="1" type="xstring" value="0.0"/>
<entry key="2" type="xstring" value="0.0"/>
<entry key="3" type="xstring" value="1147.0967741935488"/>
<entry key="4" type="xstring" value="1147.0967741935488"/>
</config>
<entry key="numProperties" type="xint" value="1"/>
<config key="property_0">
<entry key="key" type="xstring" value="color"/>
<entry key="value" type="xstring" value="#404040"/>
</config>
</config>
<entry key="numColorModels" type="xint" value="0"/>
<config key="missingValueColumns">
<entry key="array-size" type="xint" value="0"/>
</config>
</config>
<entry key="displayFullscreenButton" type="xboolean" value="true"/>
<entry key="missingValueMethod" type="xstring" value="noGap"/>
<entry key="showWarningInView" type="xboolean" value="true"/>
<entry key="hasWarnings" type="xboolean" value="false"/>
<entry key="reportOnMissingValues" type="xboolean" value="true"/>
<config key="dateTimeFormats">
<entry key="globalDateTimeLocale" type="xstring" value="en"/>
<entry key="globalDateFormat" type="xstring" value="YYYY-MM-DD"/>
<entry key="globalLocalDateFormat" type="xstring" value="YYYY-MM-DD"/>
<entry key="globalLocalDateTimeFormat" type="xstring" value="YYYY-MM-DD"/>
<entry key="globalLocalTimeFormat" type="xstring" value="HH:mm:ss"/>
<entry key="globalZonedDateTimeFormat" type="xstring" value="YYYY-MM-DD z"/>
<entry key="timezone" type="xstring" value="Asia/Seoul"/>
</config>
<entry key="enforceOrigin" type="xboolean" value="false"/>
</config>
