<?xml version="1.0" encoding="UTF-8"?>
<config xmlns="http://www.knime.org/2008/09/XMLConfig" xmlns:xsi="http://www.w3.org/2001/XMLSchema-instance" xsi:schemaLocation="http://www.knime.org/2008/09/XMLConfig http://www.knime.org/XMLConfig_2008_09.xsd" key="filestore">
<config key="filestore_keys">
<config key="filestore_key_0">
<entry key="storeUUID" type="xstring" value="fc27d1e5-ba31-46b0-9498-38c7b12d3be2"/>
<entry key="index" type="xint" value="0"/>
<entry key="name" type="xstring" value="f715a3a5-b479-489e-9a8c-52029cff88a8"/>
<entry key="iterationIndex" type="xint" value="-1"/>
</config>
</config>
</config>
