<?xml version="1.0" encoding="UTF-8"?>
<config xmlns="http://www.knime.org/2008/09/XMLConfig" xmlns:xsi="http://www.w3.org/2001/XMLSchema-instance" xsi:schemaLocation="http://www.knime.org/2008/09/XMLConfig http://www.knime.org/XMLConfig_2008_09.xsd" key="filestore">
<config key="filestore_keys">
<config key="filestore_key_0">
<entry key="storeUUID" type="xstring" value="27a6eb89-928f-4a92-a4f6-911896c9b818"/>
<entry key="index" type="xint" value="403"/>
<entry key="name" type="xstring" value="65dff93b-9d14-4e6f-9978-ba08e961b45f"/>
<entry key="iterationIndex" type="xint" value="3"/>
<config key="nestedLoopPath">
<entry key="array-size" type="xint" value="1"/>
<entry key="0" type="xbyte" value="0"/>
</config>
</config>
</config>
</config>
